Player,Nation,Pos,Squad,25/26 Lg,Age,Born,MP,Starts,Min,90s,Gls,Ast,G+A,G-PK,PK,PKatt,CrdY,CrdR,Fls,Fld,Off,Crs,Int,TklW,Accurate passes per 90,Chances Created
Dayot Upamecano,fr FRA,DF,RB Leipzig,Bundesliga,17,1998,12,8,667,7.4,0,0,0,0,0,0,3,0,15,3.0,0.0,1.0,27.0,17.0,-,-
Christian Pulisic,us USA,MF,Dortmund,Bundesliga,17,1998,29,15,1525,16.9,3,7,10,3,0,0,1,0,19,33.0,3.0,27.0,18.0,20.0,-,-
Victor Osimhen,ng NGA,FW,Wolfsburg,Bundesliga,17,1998,2,0,47,0.5,0,0,0,0,0,0,1,0,1,0.0,1.0,0.0,2.0,0.0,-,-
Weston McKennie,us USA,MF,Schalke 04,Bundesliga,17,1998,1,0,13,0.1,0,0,0,0,0,0,0,0,0,0.0,0.0,0.0,0.0,0.0,-,-
Arne Maier,de GER,MF,Hertha BSC,Bundesliga,17,1999,1,0,1,0.0,0,0,0,0,0,0,0,0,0,0.0,0.0,0.0,0.0,0.0,-,-
Julius Kade,de GER,MF,Hertha BSC,Bundesliga,17,1999,1,0,10,0.1,0,0,0,0,0,0,0,0,0,0.0,0.0,1.0,0.0,0.0,-,-
Vasilije Janjicic,ch SUI,MF,Hamburger SV,Bundesliga,17,1998,4,2,176,2.0,0,0,0,0,0,0,0,0,0,0.0,0.0,3.0,6.0,5.0,-,-
Kai Havertz,de GER,"MF,FW",Leverkusen,Bundesliga,17,1999,24,15,1453,16.1,4,4,8,4,0,0,2,0,28,19.0,1.0,19.0,19.0,16.0,-,-
Kevin Danso,at AUT,DF,Augsburg,Bundesliga,17,1998,7,7,612,6.8,0,0,0,0,0,0,0,0,10,7.0,0.0,0.0,19.0,10.0,-,-
Florian Baak,de GER,DF,Hertha BSC,Bundesliga,17,1999,2,0,15,0.2,0,0,0,0,0,0,0,0,2,0.0,0.0,0.0,0.0,0.0,-,-
Jordan Torunarigha,de GER,DF,Hertha BSC,Bundesliga,18,1997,8,5,484,5.4,1,0,1,1,0,0,1,0,6,8.0,0.0,1.0,17.0,5.0,-,-
Bernard Tekpetey,gh GHA,"FW,MF",Schalke 04,Bundesliga,18,1997,2,0,5,0.1,0,0,0,0,0,0,1,0,1,0.0,0.0,0.0,0.0,0.0,-,-
Niklas Schmidt,de GER,"FW,MF",Werder Bremen,Bundesliga,18,1998,1,0,15,0.2,0,1,1,0,0,0,0,0,0,0.0,0.0,2.0,1.0,1.0,-,-
Renato Sanches,pt POR,MF,Bayern Munich,Bundesliga,18,1997,17,6,621,6.9,0,0,0,0,0,0,3,0,14,13.0,1.0,3.0,11.0,6.0,-,-
Fabian Reese,de GER,FW,Schalke 04,Bundesliga,18,1997,3,1,74,0.8,0,0,0,0,0,0,0,0,1,0.0,2.0,5.0,0.0,0.0,-,-
Felix Passlack,de GER,"DF,MF",Dortmund,Bundesliga,18,1998,10,6,534,5.9,0,0,0,0,0,0,1,0,6,7.0,0.0,13.0,7.0,13.0,-,-
Salih Özcan,tr TUR,MF,Köln,Bundesliga,18,1998,13,3,372,4.1,0,1,1,0,0,0,2,1,12,9.0,1.0,0.0,10.0,7.0,-,-
Bakery Jatta,gm GAM,MF,Hamburger SV,Bundesliga,18,1998,6,1,183,2.0,0,0,0,0,0,0,0,0,4,4.0,0.0,4.0,5.0,7.0,-,-
Dženis Burnić,ba BIH,DF,Dortmund,Bundesliga,18,1998,1,1,90,1.0,0,0,0,0,0,0,1,0,0,0.0,0.0,2.0,2.0,1.0,-,-
Josip Brekalo,hr CRO,"FW,MF",Wolfsburg,Bundesliga,18,1998,4,0,80,0.9,0,0,0,0,0,0,1,0,2,2.0,0.0,3.0,1.0,1.0,-,-
László Bénes,sk SVK,MF,Gladbach,Bundesliga,18,1997,8,3,288,3.2,1,0,1,1,0,0,0,0,5,7.0,0.0,9.0,9.0,4.0,-,-
Aymen Barkok,ma MAR,MF,Frankfurt,Bundesliga,18,1998,18,6,659,7.3,2,2,4,2,0,0,1,0,25,5.0,0.0,1.0,21.0,21.0,-,-
Leon Bailey,jm JAM,"FW,MF",Leverkusen,Bundesliga,18,1997,8,0,140,1.6,0,0,0,0,0,0,1,0,2,4.0,1.0,7.0,3.0,1.0,-,-
Jesús Vallejo,es ESP,DF,Frankfurt,Bundesliga,19,1997,25,22,2057,22.9,1,0,1,1,0,0,4,0,19,10.0,0.0,1.0,71.0,24.0,-,-
Djibril Sow,ch SUI,MF,Gladbach,Bundesliga,19,1997,1,0,1,0.0,0,0,0,0,0,0,0,0,0,0.0,0.0,0.0,0.0,0.0,-,-
Ba-Muaka Simakala,cg CGO,FW,Gladbach,Bundesliga,19,1997,1,0,11,0.1,0,0,0,0,0,0,0,0,0,0.0,0.0,0.0,0.0,0.0,-,-
Suat Serdar,de GER,MF,Mainz 05,Bundesliga,19,1997,8,4,330,3.7,0,0,0,0,0,0,1,0,13,5.0,0.0,0.0,15.0,11.0,-,-
Finn Porath,de GER,MF,Hamburger SV,Bundesliga,19,1997,1,0,1,0.0,0,0,0,0,0,0,0,0,0,0.0,0.0,0.0,0.0,0.0,-,-
Philipp Ochs,de GER,"MF,DF",Hoffenheim,Bundesliga,19,1997,3,2,145,1.6,0,0,0,0,0,0,1,0,5,0.0,0.0,3.0,2.0,5.0,-,-
Maurice Multhaup,de GER,MF,Ingolstadt,Bundesliga,19,1996,1,0,8,0.1,0,0,0,0,0,0,0,0,0,0.0,0.0,0.0,0.0,0.0,-,-
Emre Mor,tr TUR,"MF,FW",Dortmund,Bundesliga,19,1997,12,5,478,5.3,1,1,2,1,0,0,0,1,10,18.0,0.0,15.0,6.0,7.0,-,-
Justin Möbius,de GER,MF,Wolfsburg,Bundesliga,19,1997,2,0,48,0.5,0,0,0,0,0,0,0,0,0,1.0,0.0,0.0,1.0,0.0,-,-
Maximilian Mittelstädt,de GER,"DF,MF",Hertha BSC,Bundesliga,19,1997,12,5,466,5.2,0,1,1,0,0,0,5,1,11,5.0,1.0,14.0,15.0,16.0,-,-
Borja Mayoral,es ESP,FW,Wolfsburg,Bundesliga,19,1997,19,3,388,4.3,2,0,2,2,0,0,1,0,4,9.0,1.0,0.0,2.0,1.0,-,-
Ousman Manneh,gm GAM,FW,Werder Bremen,Bundesliga,19,1997,6,6,486,5.4,1,0,1,1,0,0,2,0,19,16.0,6.0,1.0,3.0,6.0,-,-
Thilo Kehrer,de GER,DF,Schalke 04,Bundesliga,19,1996,16,12,1080,12.0,1,1,2,1,0,0,3,1,24,20.0,1.0,12.0,45.0,28.0,-,-
Jannes Horn,de GER,"DF,MF",Wolfsburg,Bundesliga,19,1997,13,10,976,10.8,0,1,1,0,0,0,2,0,5,12.0,0.0,25.0,25.0,15.0,-,-
Benjamin Henrichs,de GER,DF,Leverkusen,Bundesliga,19,1997,29,27,2427,27.0,0,2,2,0,0,0,1,0,27,34.0,1.0,30.0,103.0,72.0,-,-
Breel Embolo,ch SUI,"FW,MF",Schalke 04,Bundesliga,19,1997,7,4,341,3.8,2,0,2,2,0,0,0,0,7,8.0,7.0,6.0,6.0,7.0,-,-
Nico Elvedi,ch SUI,DF,Gladbach,Bundesliga,19,1996,25,23,2106,23.4,0,0,0,0,0,0,4,0,21,26.0,0.0,19.0,74.0,39.0,-,-
Maximilian Eggestein,de GER,MF,Werder Bremen,Bundesliga,19,1996,15,8,891,9.9,1,0,1,1,0,0,2,0,7,12.0,1.0,1.0,30.0,16.0,-,-
Ousmane Dembélé,fr FRA,"MF,FW",Dortmund,Bundesliga,19,1997,32,22,2036,22.6,6,11,17,6,0,0,7,0,23,62.0,5.0,98.0,22.0,22.0,-,-
Max Christiansen,de GER,MF,Ingolstadt,Bundesliga,19,1996,11,4,443,4.9,0,0,0,0,0,0,3,1,8,10.0,0.0,5.0,14.0,9.0,-,-
Oliver Burke,sct SCO,"FW,MF",RB Leipzig,Bundesliga,19,1997,25,5,632,7.0,1,2,3,1,0,0,1,0,10,6.0,6.0,10.0,6.0,5.0,-,-
Max Besuschkow,de GER,MF,Frankfurt,Bundesliga,19,1997,3,1,87,1.0,0,0,0,0,0,0,1,0,3,2.0,0.0,3.0,1.0,3.0,-,-
Riechedly Bazoer,cw CUW,MF,Wolfsburg,Bundesliga,19,1996,12,12,969,10.8,0,1,1,0,0,0,5,0,22,11.0,1.0,3.0,14.0,11.0,-,-
Donis Avdijaj,xk KVX,MF,Schalke 04,Bundesliga,19,1996,9,2,298,3.3,2,0,2,2,0,0,1,0,4,1.0,2.0,8.0,2.0,2.0,-,-
Nadiem Amiri,de GER,"MF,FW",Hoffenheim,Bundesliga,19,1996,33,20,1989,22.1,2,4,6,2,0,0,2,0,43,47.0,5.0,24.0,36.0,22.0,-,-
Allan,br BRA,MF,Hertha BSC,Bundesliga,19,1997,15,8,798,8.9,0,0,0,0,0,0,3,0,14,11.0,0.0,4.0,36.0,19.0,-,-
Timo Werner,de GER,FW,RB Leipzig,Bundesliga,20,1996,31,28,2416,26.8,21,5,26,19,2,2,4,0,21,32.0,50.0,49.0,23.0,19.0,-,-
Julian Weigl,de GER,MF,Dortmund,Bundesliga,20,1995,30,27,2414,26.8,0,0,0,0,0,0,2,0,31,62.0,0.0,3.0,72.0,46.0,-,-
Luca Waldschmidt,de GER,MF,Hamburger SV,Bundesliga,20,1996,14,3,357,4.0,1,1,2,1,0,0,0,0,4,4.0,2.0,0.0,5.0,5.0,-,-
Miloš Veljković,rs SRB,DF,Werder Bremen,Bundesliga,20,1995,26,20,1813,20.1,0,0,0,0,0,0,5,0,21,10.0,1.0,3.0,30.0,15.0,-,-
Jonathan Tah,de GER,DF,Leverkusen,Bundesliga,20,1996,19,16,1640,18.2,1,1,2,1,0,0,1,0,16,14.0,0.0,0.0,49.0,30.0,-,-
Niklas Süle,de GER,DF,Hoffenheim,Bundesliga,20,1995,33,33,2885,32.1,2,2,4,2,0,0,4,0,20,23.0,0.0,3.0,76.0,47.0,-,-
Pascal Stenzel,de GER,"DF,MF",Freiburg,Bundesliga,20,1996,19,14,1306,14.5,1,1,2,1,0,0,3,0,12,7.0,0.0,12.0,24.0,29.0,-,-
Marc Stendera,de GER,MF,Frankfurt,Bundesliga,20,1995,2,2,129,1.4,0,0,0,0,0,0,0,0,1,3.0,0.0,2.0,5.0,12.0,-,-
Çağlar Söyüncü,tr TUR,DF,Freiburg,Bundesliga,20,1996,24,24,2070,23.0,0,1,1,0,0,0,4,0,36,16.0,3.0,2.0,45.0,35.0,-,-
Aaron Seydel,de GER,FW,Mainz 05,Bundesliga,20,1996,6,1,176,2.0,1,0,1,1,0,0,0,0,6,6.0,4.0,1.0,1.0,0.0,-,-
Felix Platte,de GER,"FW,MF",Darmstadt 98,Bundesliga,20,1996,9,6,467,5.2,2,1,3,2,0,0,1,0,12,6.0,6.0,1.0,3.0,4.0,-,-
Levin Öztunalı,de GER,MF,Mainz 05,Bundesliga,20,1996,30,23,1966,21.8,5,5,10,5,0,0,1,0,27,24.0,5.0,91.0,43.0,32.0,-,-
Sven Müller,de GER,GK,Köln,Bundesliga,20,1996,1,1,90,1.0,0,0,0,0,0,0,0,0,0,0.0,0.0,0.0,0.0,0.0,-,-
Max Meyer,de GER,"MF,FW",Schalke 04,Bundesliga,20,1995,27,18,1666,18.5,1,1,2,1,0,0,4,0,11,30.0,4.0,53.0,10.0,16.0,-,-
Mikel Merino,es ESP,DF,Dortmund,Bundesliga,20,1996,8,2,298,3.3,0,0,0,0,0,0,1,0,0,7.0,0.0,1.0,13.0,11.0,-,-
Sinan Kurt,,"FW,MF",Hertha BSC,Bundesliga,20,1996,2,0,6,0.1,0,0,0,0,0,0,0,0,0,,,,,,-,-
Lukas Klünter,de GER,DF,Köln,Bundesliga,20,1996,8,8,720,8.0,1,1,2,1,0,0,4,0,8,14.0,1.0,13.0,41.0,13.0,-,-
Lukas Klostermann,de GER,DF,RB Leipzig,Bundesliga,20,1996,1,1,90,1.0,0,0,0,0,0,0,1,0,2,0.0,0.0,1.0,2.0,2.0,-,-
Tin Jedvaj,hr CRO,DF,Leverkusen,Bundesliga,20,1995,18,16,1422,15.8,1,0,1,1,0,0,4,1,19,16.0,3.0,13.0,39.0,28.0,-,-
Marcel Hartel,de GER,"FW,MF",Köln,Bundesliga,20,1996,2,0,93,1.0,0,0,0,0,0,0,0,0,0,3.0,0.0,4.0,3.0,2.0,-,-
Alen Halilović,hr CRO,MF,Hamburger SV,Bundesliga,20,1996,6,1,142,1.6,0,0,0,0,0,0,0,0,0,0.0,0.0,4.0,0.0,1.0,-,-
Leon Guwara,gm GAM,DF,Darmstadt 98,Bundesliga,20,1996,17,11,1103,12.3,0,0,0,0,0,0,3,1,14,14.0,0.0,15.0,40.0,24.0,-,-
Serhou Guirassy,gn GUI,FW,Köln,Bundesliga,20,1996,6,0,85,0.9,0,0,0,0,0,0,2,0,6,5.0,0.0,0.0,0.0,0.0,-,-
Florian Grillitsch,at AUT,MF,Werder Bremen,Bundesliga,20,1995,23,21,1712,19.0,2,0,2,2,0,0,4,0,32,30.0,1.0,7.0,48.0,33.0,-,-
Jean-Philippe Gbamin,ci CIV,MF,Mainz 05,Bundesliga,20,1995,25,21,1823,20.3,0,0,0,0,0,0,6,3,52,23.0,0.0,5.0,55.0,44.0,-,-
Ulisses Garcia,ch SUI,"DF,MF",Werder Bremen,Bundesliga,20,1996,7,3,353,3.9,0,1,1,0,0,0,1,0,7,7.0,0.0,4.0,13.0,5.0,-,-
Raphael Framberger,de GER,"MF,DF",Augsburg,Bundesliga,20,1995,3,2,142,1.6,0,0,0,0,0,0,0,0,2,2.0,0.0,2.0,6.0,4.0,-,-
Jonas Föhrenbach,de GER,DF,Freiburg,Bundesliga,20,1996,3,1,102,1.1,0,0,0,0,0,0,0,0,2,1.0,0.0,0.0,2.0,2.0,-,-
Mahmoud Dahoud,de GER,MF,Gladbach,Bundesliga,20,1996,28,26,2274,25.3,2,6,8,2,0,0,3,0,42,35.0,4.0,2.0,51.0,55.0,-,-
Kingsley Coman,fr FRA,"MF,FW",Bayern Munich,Bundesliga,20,1996,19,10,917,10.2,2,1,3,2,0,0,1,0,12,18.0,3.0,41.0,9.0,8.0,-,-
Andreas Christensen,dk DEN,DF,Gladbach,Bundesliga,20,1996,31,31,2781,30.9,2,0,2,2,0,0,1,0,19,23.0,0.0,1.0,69.0,37.0,-,-
Julian Brandt,de GER,"MF,FW",Leverkusen,Bundesliga,20,1996,32,25,2299,25.5,3,7,10,3,0,0,0,0,15,25.0,4.0,53.0,26.0,20.0,-,-
Marius Wolf,de GER,MF,Frankfurt,Bundesliga,21,1995,3,2,167,1.9,0,0,0,0,0,0,1,0,5,2.0,0.0,4.0,3.0,5.0,-,-
Walace,br BRA,MF,Hamburger SV,Bundesliga,21,1995,9,9,718,8.0,1,0,1,1,0,0,2,0,16,8.0,0.0,0.0,41.0,13.0,-,-
Jeremy Toljan,de GER,MF,Hoffenheim,Bundesliga,21,1994,20,14,1318,14.6,1,1,2,1,0,0,1,0,4,14.0,1.0,20.0,31.0,14.0,-,-
Shani Tarashaj,ch SUI,MF,Frankfurt,Bundesliga,21,1995,13,1,333,3.7,1,0,1,1,0,0,1,0,4,4.0,0.0,6.0,3.0,1.0,-,-
Niklas Stark,de GER,"MF,DF",Hertha BSC,Bundesliga,21,1995,27,27,2349,26.1,1,0,1,1,0,0,6,0,40,36.0,1.0,0.0,66.0,50.0,-,-
Davie Selke,de GER,FW,RB Leipzig,Bundesliga,21,1995,21,2,453,5.0,4,1,5,4,0,0,4,0,18,10.0,12.0,4.0,1.0,7.0,-,-
Paul Seguin,de GER,"MF,DF",Wolfsburg,Bundesliga,21,1995,22,15,1323,14.7,1,1,2,1,0,0,5,1,31,15.0,0.0,11.0,25.0,25.0,-,-
Benno Schmitz,de GER,DF,RB Leipzig,Bundesliga,21,1994,16,11,990,11.0,0,2,2,0,0,0,2,0,14,10.0,2.0,17.0,32.0,35.0,-,-
José Rodríguez,es ESP,MF,Mainz 05,Bundesliga,21,1994,2,0,6,0.1,0,0,0,0,0,0,0,1,4,0.0,0.0,0.0,0.0,0.0,-,-
Joel Pohjanpalo,fi FIN,FW,Leverkusen,Bundesliga,21,1994,11,1,191,2.1,6,0,6,6,0,0,0,0,2,0.0,0.0,1.0,1.0,0.0,-,-
Federico Palacios Martínez,de GER,"FW,MF",RB Leipzig,Bundesliga,21,1995,2,0,56,0.6,0,0,0,0,0,0,0,0,1,1.0,1.0,1.0,2.0,2.0,-,-
Mats Møller Dæhli,no NOR,"FW,MF",Freiburg,Bundesliga,21,1995,2,0,25,0.3,0,0,0,0,0,0,0,0,0,1.0,0.0,0.0,0.0,0.0,-,-
Jonas Meffert,de GER,MF,Freiburg,Bundesliga,21,1994,1,1,57,0.6,0,0,0,0,0,0,0,0,1,0.0,0.0,0.0,3.0,1.0,-,-
Joshua Kimmich,de GER,"MF,DF",Bayern Munich,Bundesliga,21,1995,27,15,1547,17.2,6,1,7,6,0,0,1,0,19,38.0,3.0,37.0,32.0,25.0,-,-
Marc-Oliver Kempf,de GER,DF,Freiburg,Bundesliga,21,1995,13,12,1147,12.7,0,0,0,0,0,0,2,0,16,16.0,1.0,1.0,28.0,8.0,-,-
Naby Keïta,gn GUI,MF,RB Leipzig,Bundesliga,21,1995,31,29,2409,26.8,8,6,14,8,0,0,8,0,68,52.0,1.0,8.0,82.0,57.0,-,-
Gideon Jung,de GER,"MF,DF",Hamburger SV,Bundesliga,21,1994,29,26,2371,26.3,0,0,0,0,0,0,3,0,51,40.0,3.0,1.0,60.0,35.0,-,-
Gerrit Holtmann,ph PHI,MF,Mainz 05,Bundesliga,21,1995,5,1,128,1.4,0,1,1,0,0,0,0,0,1,1.0,0.0,4.0,2.0,4.0,-,-
Hendrik Hansen,de GER,DF,Wolfsburg,Bundesliga,21,1994,1,0,84,0.9,0,0,0,0,0,0,0,0,1,1.0,0.0,0.0,1.0,1.0,-,-
Julian Günther-Schmidt,de GER,"FW,MF",Augsburg,Bundesliga,21,1994,4,0,46,0.5,0,0,0,0,0,0,0,0,0,2.0,1.0,0.0,1.0,3.0,-,-
Leon Goretzka,de GER,MF,Schalke 04,Bundesliga,21,1995,30,30,2563,28.5,5,3,8,5,0,0,2,0,37,54.0,0.0,19.0,80.0,45.0,-,-
Serge Gnabry,de GER,"MF,FW",Werder Bremen,Bundesliga,21,1995,27,23,1963,21.8,11,1,12,10,1,1,1,0,24,28.0,9.0,15.0,30.0,27.0,-,-
Mijat Gaćinović,rs SRB,"MF,FW",Frankfurt,Bundesliga,21,1995,28,26,2233,24.8,2,0,2,2,0,0,9,0,43,69.0,7.0,18.0,75.0,36.0,-,-
Lukas Fröde,de GER,"DF,MF",Werder Bremen,Bundesliga,21,1995,3,0,14,0.2,0,0,0,0,0,0,0,0,0,0.0,0.0,0.0,0.0,0.0,-,-
Ondrej Duda,sk SVK,"FW,MF",Hertha BSC,Bundesliga,21,1994,3,0,70,0.8,0,0,0,0,0,0,0,0,2,1.0,0.0,2.0,1.0,2.0,-,-
Bernardo,br BRA,DF,RB Leipzig,Bundesliga,21,1995,22,21,1892,21.0,0,1,1,0,0,0,3,0,25,16.0,1.0,21.0,70.0,50.0,-,-
Nabil Bentaleb,dz ALG,MF,Schalke 04,Bundesliga,21,1994,32,28,2548,28.3,5,4,9,4,1,1,12,0,35,29.0,0.0,27.0,56.0,26.0,-,-
Robert Bauer,de GER,"DF,MF",Werder Bremen,Bundesliga,21,1995,27,25,2122,23.6,1,3,4,1,0,0,5,0,34,36.0,0.0,28.0,63.0,54.0,-,-
Barış Atik,de GER,"FW,MF",Hoffenheim,Bundesliga,21,1995,3,0,70,0.8,0,0,0,0,0,0,0,0,1,3.0,0.0,1.0,2.0,1.0,-,-
Vladlen Yurchenko,ua UKR,MF,Leverkusen,Bundesliga,22,1994,3,1,148,1.6,0,0,0,0,0,0,0,0,2,0.0,0.0,0.0,10.0,1.0,-,-
Mitchell Weiser,de GER,"MF,DF",Hertha BSC,Bundesliga,22,1994,17,12,1126,12.5,2,4,6,2,0,0,2,0,19,40.0,5.0,33.0,31.0,19.0,-,-
Kostas Stafylidis,gr GRE,"DF,MF",Augsburg,Bundesliga,22,1993,27,26,2240,24.9,4,0,4,4,0,0,6,0,26,27.0,0.0,81.0,90.0,43.0,-,-
Alessandro Schöpf,at AUT,MF,Schalke 04,Bundesliga,22,1994,28,22,2040,22.7,6,2,8,6,0,0,4,0,51,42.0,5.0,80.0,67.0,41.0,-,-
Douglas Santos,br BRA,DF,Hamburger SV,Bundesliga,22,1994,20,19,1713,19.0,0,0,0,0,0,0,4,0,25,10.0,1.0,28.0,58.0,63.0,-,-
Marcel Sabitzer,at AUT,"MF,FW",RB Leipzig,Bundesliga,22,1994,32,31,2593,28.8,8,4,12,8,0,0,3,0,24,40.0,14.0,42.0,33.0,25.0,-,-
Tim Rieder,de GER,MF,Augsburg,Bundesliga,22,1993,5,2,216,2.4,0,0,0,0,0,0,0,0,3,1.0,0.0,3.0,5.0,11.0,-,-
Ante Rebić,hr CRO,"MF,FW",Frankfurt,Bundesliga,22,1993,24,16,1405,15.6,2,2,4,2,0,0,10,0,56,30.0,3.0,39.0,33.0,15.0,-,-
Abdul Rahman Baba,gh GHA,"DF,MF",Schalke 04,Bundesliga,22,1994,13,7,712,7.9,0,1,1,0,0,0,2,0,17,7.0,2.0,28.0,26.0,20.0,-,-
Robin Quaison,se SWE,"MF,FW",Mainz 05,Bundesliga,22,1993,11,6,482,5.4,1,0,1,1,0,0,0,0,13,7.0,0.0,2.0,9.0,3.0,-,-
Yussuf Poulsen,dk DEN,FW,RB Leipzig,Bundesliga,22,1994,29,25,2084,23.2,5,4,9,5,0,0,4,0,56,48.0,17.0,11.0,19.0,17.0,-,-
Maximilian Philipp,de GER,"FW,MF",Freiburg,Bundesliga,22,1994,25,23,1929,21.4,9,2,11,9,0,1,5,0,41,46.0,4.0,14.0,23.0,15.0,-,-
Anderson Ordóñez,ec ECU,DF,Frankfurt,Bundesliga,22,1994,4,3,183,2.0,0,0,0,0,0,0,0,0,1,1.0,0.0,0.0,9.0,3.0,-,-
Philipp Max,de GER,"MF,DF",Augsburg,Bundesliga,22,1993,25,20,1813,20.1,1,2,3,1,0,0,4,0,22,12.0,5.0,47.0,41.0,27.0,-,-
Dominik Kohr,de GER,MF,Augsburg,Bundesliga,22,1994,26,21,1964,21.8,2,0,2,2,0,0,14,1,70,44.0,0.0,8.0,66.0,73.0,-,-
László Kleinheisler,hu HUN,MF,Darmstadt 98,Bundesliga,22,1994,12,10,776,8.6,1,0,1,1,0,0,0,0,17,14.0,0.0,9.0,6.0,10.0,-,-
Rani Khedira,tn TUN,MF,RB Leipzig,Bundesliga,22,1994,10,1,163,1.8,0,0,0,0,0,0,0,0,4,2.0,0.0,2.0,11.0,4.0,-,-
Jannik Huth,de GER,GK,Mainz 05,Bundesliga,22,1994,7,7,630,7.0,0,0,0,0,0,0,0,0,0,0.0,0.0,0.0,0.0,0.0,-,-
Dominique Heintz,de GER,DF,Köln,Bundesliga,22,1993,32,30,2754,30.6,0,0,0,0,0,0,7,0,42,23.0,1.0,10.0,77.0,35.0,-,-
Florent Hadergjonaj,xk KVX,"MF,DF",Ingolstadt,Bundesliga,22,1994,25,25,2221,24.7,1,2,3,1,0,0,6,0,27,29.0,1.0,87.0,66.0,39.0,-,-
Alexander Hack,de GER,DF,Mainz 05,Bundesliga,22,1993,15,13,1296,14.4,0,1,1,0,0,0,0,0,4,18.0,0.0,3.0,49.0,23.0,-,-
Janik Haberer,de GER,"FW,MF",Freiburg,Bundesliga,22,1994,32,22,1952,21.7,3,4,7,3,0,0,7,0,31,56.0,3.0,12.0,21.0,30.0,-,-
Raphaël Guerreiro,pt POR,MF,Dortmund,Bundesliga,22,1993,24,17,1481,16.5,6,4,10,6,0,0,0,0,14,13.0,3.0,63.0,35.0,21.0,-,-
Michael Gregoritsch,at AUT,"MF,FW",Hamburger SV,Bundesliga,22,1994,30,14,1305,14.5,5,1,6,5,0,0,4,0,24,20.0,5.0,9.0,17.0,12.0,-,-
Matthias Ginter,de GER,DF,Dortmund,Bundesliga,22,1994,29,26,2476,27.5,0,1,1,0,0,0,4,0,19,29.0,2.0,5.0,41.0,28.0,-,-
Yannick Gerhardt,de GER,"MF,DF",Wolfsburg,Bundesliga,22,1994,27,25,2214,24.6,0,2,2,0,0,0,5,0,28,27.0,6.0,37.0,33.0,39.0,-,-
Johannes Geis,de GER,MF,Schalke 04,Bundesliga,22,1993,18,17,1324,14.7,0,0,0,0,0,0,4,0,23,23.0,0.0,99.0,43.0,21.0,-,-
Julian Draxler,de GER,"MF,FW",Wolfsburg,Bundesliga,22,1993,13,12,1050,11.7,0,2,2,0,0,0,0,0,17,11.0,4.0,32.0,9.0,7.0,-,-
Antonio Čolak,hr CRO,FW,Darmstadt 98,Bundesliga,22,1993,22,12,1276,14.2,4,1,5,3,1,2,2,1,28,27.0,16.0,4.0,6.0,8.0,-,-
Hakan Çalhanoğlu,tr TUR,"MF,FW",Leverkusen,Bundesliga,22,1994,15,14,1215,13.5,6,5,11,5,1,2,1,0,18,20.0,3.0,70.0,18.0,17.0,-,-
Onur Bulut,tr TUR,MF,Freiburg,Bundesliga,22,1994,21,12,1002,11.1,0,1,1,0,0,0,3,0,13,22.0,1.0,16.0,17.0,17.0,-,-
Massimo Bruno,be BEL,"FW,MF",RB Leipzig,Bundesliga,22,1993,1,0,5,0.1,0,0,0,0,0,0,0,0,0,0.0,0.0,0.0,1.0,0.0,-,-
Leonardo Bittencourt,de GER,"MF,FW",Köln,Bundesliga,22,1993,16,12,968,10.8,3,5,8,3,0,0,3,0,14,27.0,2.0,16.0,16.0,23.0,-,-
Patrick Banggaard,dk DEN,DF,Darmstadt 98,Bundesliga,22,1994,9,9,810,9.0,0,0,0,0,0,0,4,0,12,2.0,0.0,0.0,12.0,7.0,-,-
Maximilian Arnold,de GER,MF,Wolfsburg,Bundesliga,22,1994,32,28,2423,26.9,2,3,5,2,0,0,9,0,51,88.0,1.0,52.0,52.0,30.0,-,-
